"","Year","Rank","Title","Description","Runtime","Genre","Rating","Metascore","Votes","Gross_earnings","Director","Actor","PG"
"1",2019,1,"Arrival","A linguist works with the military to communicate with alien lifeforms after twelve mysterious spacecraft appear around the world.",116,"Drama",7.9,81,735965,100.5,"Denis Villeneuve","Amy Adams","12A"
"2",2019,2,"Hacksaw Ridge","World War II American Army Medic Desmond T. Doss, serving during the Battle of Okinawa, refuses to kill people and becomes the first man in American history to receive the Medal of Honor without firing a shot.",139,"Biography",8.1,71,566534,67.21,"Mel Gibson","Andrew Garfield","15"
"3",2019,3,"My Big Fat Greek Wedding 2","A Portokalos family secret brings the beloved characters back together for an even bigger and Greeker wedding.",94,"Comedy",6,37,33314,59.69,"Kirk Jones","Nia Vardalos","12A"
"4",2019,4,"Sausage Party","A sausage strives to discover the truth about his existence.",89,"Animation",6.1,66,204138,97.69,"Conrad Vernon","Seth Rogen","15"
"5",2019,5,"La La Land","While navigating their careers in Los Angeles, a pianist and an actress fall in love while attempting to reconcile their aspirations for the future.",128,"Comedy",8,94,633706,151.1,"Damien Chazelle","Ryan Gosling","12A"
"6",2019,6,"The Nice Guys","In 1970s Los Angeles, a mismatched pair of private eyes investigate a missing girl and the mysterious death of a porn star.",116,"Action",7.4,70,353987,36.26,"Shane Black","Russell Crowe","15"
"7",2019,7,"Suicide Squad","A secret government agency recruits some of the most dangerous incarcerated super-villains to form a defensive task force. Their first mission: save the world from the apocalypse.",123,"Action",5.9,40,707589,325.1,"David Ayer","Will Smith","15"
"8",2019,8,"The Conjuring 2","Ed and Lorraine Warren travel to North London to help a single mother raising four children alone in a house plagued by a supernatural spirit.",134,"Horror",7.3,65,288633,102.4,"James Wan","Vera Farmiga","15"
"9",2019,9,"Me Before You","A girl in a small town forms an unlikely bond with a recently-paralyzed man she's taking care of.",106,"Drama",7.4,51,274091,56.25,"Thea Sharrock","Emilia Clarke","12A"
"10",2019,10,"The Magnificent Seven","Seven gunmen from a variety of backgrounds are brought together by a vengeful young widow to protect her town from the private army of a destructive industrialist.",132,"Action",6.9,54,222609,93.43,"Antoine Fuqua","Denzel Washington","12A"
"11",2019,11,"The Handmaiden","A woman is hired as a handmaiden to a Japanese heiress, but secretly she is involved in a plot to defraud her.",145,"Drama",8.1,85,162428,2.01,"Park Chan-wook","Kim Min-hee","18"
"12",2019,12,"Rogue One","In a time of conflict, a group of unlikely heroes band together on a mission to steal the plans to the Death Star, the Empire's ultimate weapon of destruction.",133,"Action",7.8,65,666982,532.1,"Gareth Edwards","Felicity Jones","12A"
"13",2019,13,"Fences","A working-class African-American father tries to raise his family in the 1950s, while coming to terms with the events of his life.",139,"Drama",7.2,79,114001,57.68,"Denzel Washington","Denzel Washington","12A"
"14",2019,14,"Moana","In Ancient Polynesia, when a terrible curse incurred by the Demigod Maui reaches Moana's island, she answers the Ocean's call to seek out the Demigod to set things right.",107,"Animation",7.6,81,360349,248.7,"Ron Clements","Auli'i Cravalho","PG"
"15",2019,15,"Split","Three girls are kidnapped by a man with a diagnosed 23 distinct personalities. They must try to escape before the apparent emergence of a frightful new 24th.",117,"Horror",7.3,63,528357,138.2,"M. Night Shyamalan","James McAvoy","15"
"16",2019,16,"Jack Reacher: Never Go Back","Jack Reacher must uncover the truth behind a major government conspiracy in order to clear his name while on the run as a fugitive from the law.",118,"Action",6.1,47,168722,58.7,"Edward Zwick","Tom Cruise","12A"
"17",2019,17,"Zootropolis","In a city of anthropomorphic animals, a rookie bunny cop and a cynical con artist fox must work together to uncover a conspiracy.",108,"Animation",8,78,526477,341.2,"Byron Howard","Ginnifer Goodwin","PG"
"18",2019,18,"Deadpool","A wisecracking mercenary gets experimented on and becomes immortal yet hideously scarred, and sets out to track down the man who ruined his looks.",108,"Action",8,65,1087474,363,"Tim Miller","Ryan Reynolds","15"
"19",2019,19,"Batman v Superman: Dawn of Justice","Batman is manipulated by Lex Luthor to fear Superman. Superman´s existence is meanwhile dividing the world and he is framed for murder during an international crisis. The heroes clash and force the neutral Wonder Woman to reemerge.",151,"Action",6.5,44,739705,330.3,"Zack Snyder","Ben Affleck","12A"
"20",2019,20,"Sing","In a city of humanoid animals, a hustling theater impresario's attempt to save his theater with a singing competition becomes grander than he anticipates even as its finalists find that their lives will never be the same.",108,"Animation",7.1,59,182934,270.4,"Garth Jennings","Matthew McConaughey","U"
"21",2019,21,"Terrifier","On Halloween night, Tara Heyes finds herself as the obsession of a sadistic murderer known as Art the Clown.",85,"Horror",5.6,NA,45717,NA,"Damien Leone","Jenna Kanell","18"
"22",2019,22,"Hidden Figures","The story of a team of female African-American mathematicians who served a vital role in NASA during the early years of the U.S. space program.",127,"Biography",7.8,74,245668,169.6,"Theodore Melfi","Taraji P. Henson","PG"
"23",2019,23,"Passengers","A malfunction in a sleeping pod on a spacecraft traveling to a distant colony planet wakes one passenger 90 years early.",116,"Drama",7,41,429671,100,"Morten Tyldum","Jennifer Lawrence","12A"
"24",2019,24,"Nocturnal Animals","A wealthy art gallery owner is haunted by her ex-husband's novel, a violent thriller she interprets as a symbolic revenge tale.",116,"Drama",7.5,67,294335,10.66,"Tom Ford","Amy Adams","15"
"25",2019,25,"Your Name.","Two teenagers share a profound, magical connection upon discovering they are swapping bodies. Things manage to become even more complicated when the boy and girl decide to meet in person.",106,"Animation",8.4,81,298579,5.02,"Makoto Shinkai","Ryunosuke Kamiki","12A"
"26",2019,26,"The Founder","The story of Ray Kroc, a salesman who turned two brothers' innovative fast food eatery, McDonald's, into the biggest restaurant business in the world, with a combination of ambition, persistence, and ruthlessness.",115,"Biography",7.2,66,166954,12.79,"John Lee Hancock","Michael Keaton","12A"
"27",2019,27,"Manchester by the Sea","A depressed uncle is asked to take care of his teenage nephew after the boy's father dies.",137,"Drama",7.8,96,299818,47.7,"Kenneth Lonergan","Casey Affleck","15"
"28",2019,28,"The Legend of Tarzan","Tarzan, having acclimated to life in London, is called back to his former home in the jungle to investigate the activities at a mining encampment.",110,"Action",6.2,44,183282,126.6,"David Yates","Alexander Skarsgård","12A"
"29",2019,29,"The Bad Batch","In a desert dystopia, a young woman is kidnapped by cannibals.",118,"Action",5.2,62,34273,0.18,"Ana Lily Amirpour","Suki Waterhouse","15"
"30",2019,30,"Fantastic Beasts and Where to Find Them","The adventures of writer Newt Scamander in New York's secret community of witches and wizards seventy years before Harry Potter reads his book in school.",132,"Adventure",7.2,66,494498,234,"David Yates","Eddie Redmayne","12A"
"31",2019,31,"Train to Busan","While a zombie virus breaks out in South Korea, passengers struggle to survive on the train from Seoul to Busan.",118,"Action",7.6,73,241778,2.13,"Sang-ho Yeon","Gong Yoo","15"
"32",2019,32,"Hell or High Water","Toby is a divorced father who's trying to make a better life. His brother is an ex-con with a short temper and a loose trigger finger. Together, they plan a series of heists against the bank that's about to foreclose on their family ranch.",102,"Crime",7.6,88,242851,27.01,"David Mackenzie","Chris Pine","15"
"33",2019,33,"10 Cloverfield Lane","A young woman is held in an underground bunker by a man who insists that a hostile event has left the surface of the Earth uninhabitable.",103,"Drama",7.2,76,344451,72.08,"Dan Trachtenberg","John Goodman","12A"
"34",2019,34,"Shin Godzilla","Japan is plunged into chaos upon the appearance of a giant monster.",120,"Action",6.8,67,30775,1.92,"Hideaki Anno","Hiroki Hasegawa","12A"
"35",2019,35,"The Autopsy of Jane Doe","A father and son, both coroners, are pulled into a complex mystery while attempting to identify the body of a young woman, who was apparently harboring dark secrets.",86,"Horror",6.8,65,130581,0.01,"André Øvredal","Brian Cox","15"
"36",2019,36,"Love Machine","Director Pavel Ruminov wanted to break up with his girlfriend. But she had a different opinion on the matter and refused to leave the flat, insisting their story was not over yet.",79,"Drama",3.9,NA,886,NA,"Pavel Ruminov","Natalya Anisimova","Mature"
"37",2019,37,"Teenage Mutant Ninja Turtles: Out of the Shadows","The Turtles get into another battle with their enemy the Shredder, who has acquired new allies: the mutant thugs Bebop and Rocksteady and the alien being Krang.",112,"Action",5.9,40,97673,82.05,"Dave Green","Megan Fox","12A"
"38",2019,38,"X-Men: Apocalypse","In the 1980s the X-Men must defeat an ancient all-powerful mutant, En Sabah Nur, who intends to thrive through bringing destruction to the world.",144,"Action",6.9,52,451199,155.4,"Bryan Singer","James McAvoy","12A"
"39",2019,39,"Captain America: Civil War","Political involvement in the Avengers' affairs causes a rift between Captain America and Iron Man.",147,"Action",7.8,75,826034,408,"Anthony Russo","Chris Evans","12A"
"40",2019,40,"Captain Fantastic","In the forests of the Pacific Northwest, a father devoted to raising his six kids with a rigorous physical and intellectual education is forced to leave his paradise and enter the world, challenging his idea of what it means to be a parent.",118,"Comedy",7.8,72,228680,5.88,"Matt Ross","Viggo Mortensen","15"
"41",2019,41,"13 Hours","During an attack on a U.S. compound in Libya, a security team struggles to make sense out of the chaos.",144,"Action",7.3,48,153508,52.85,"Michael Bay","John Krasinski","15"
"42",2019,42,"Moonlight","A young African-American man grapples with his identity and sexuality while experiencing the everyday struggles of childhood, adolescence, and burgeoning adulthood.",111,"Drama",7.4,99,322801,27.85,"Barry Jenkins","Mahershala Ali","15"
"43",2019,43,"Star Trek Beyond","The crew of the USS Enterprise explores the furthest reaches of uncharted space, where they encounter a new ruthless enemy, who puts them, and everything the Federation stands for, to the test.",122,"Action",7,68,254251,158.8,"Justin Lin","Chris Pine","12A"
"44",2019,44,"Below Her Mouth","An unexpected affair quickly escalates into a heart-stopping reality for two women whose passionate connection changes their lives forever.",94,"Drama",5.5,42,13663,NA,"April Mullen","Erika Linder","18"
"45",2019,45,"Mike and Dave Need Wedding Dates","Two hard-partying brothers place an online ad to find the perfect dates for their sister's Hawaiian wedding. Hoping for a wild getaway, the boys instead find themselves out-hustled by an uncontrollable duo.",98,"Comedy",6,51,93096,46.01,"Jake Szymanski","Zac Efron","15"
"46",2019,46,"Miss Peregrine's Home for Peculiar Children","When Jacob (Asa Butterfield) discovers clues to a mystery that stretches across time, he finds Miss Peregrine's Home for Peculiar Children. But the danger deepens after he gets to know the residents and learns about their special powers.",127,"Adventure",6.7,57,182642,87.24,"Tim Burton","Eva Green","12A"
"47",2019,47,"Christine","The story of Christine Chubbuck, a 1970s TV reporter struggling with depression and professional frustrations as she tries to advance her career.",119,"Biography",6.9,72,16363,0.3,"Antonio Campos","Rebecca Hall","15"
"48",2019,48,"Lion","A five-year-old Indian boy is adopted by an Australian couple after getting lost hundreds of kilometers from home. 25 years later, he sets out to find his lost family.",118,"Biography",8,69,245225,51.74,"Garth Davis","Dev Patel","PG"
"49",2019,49,"The Invisible Guest","A successful entrepreneur accused of murder and a witness preparation expert have less than three hours to come up with an impregnable defense.",106,"Crime",8,NA,186261,NA,"Oriol Paulo","Mario Casas","15"
"50",2019,50,"Trolls","After the Bergens invade Troll Village, Poppy, the happiest Troll ever born, and the curmudgeonly Branch set off on a journey to rescue her friends.",92,"Animation",6.4,55,87533,153.7,"Mike Mitchell","Anna Kendrick","U"
"51",2019,51,"Gods of Egypt","Mortal hero Bek teams with the god Horus in an alliance against Set, the merciless god of darkness, who has usurped Egypt's throne, plunging the once peaceful and prosperous empire into chaos and conflict.",127,"Action",5.4,25,122597,31.15,"Alex Proyas","Brenton Thwaites","12A"
"52",2019,52,"Raw","A young woman, studying to be a vet, develops a craving for human flesh.",99,"Drama",7,81,85311,0.51,"Julia Ducournau","Garance Marillier","18"
"53",2019,53,"Doctor Strange","While on a journey of physical and spiritual healing, a brilliant neurosurgeon is drawn into the world of the mystic arts.",115,"Action",7.5,72,779751,232.6,"Scott Derrickson","Benedict Cumberbatch","12A"
"54",2019,54,"Mother's Day","Three generations come together in the week leading up to Mother's Day.",118,"Comedy",5.6,18,38733,32.46,"Garry Marshall","Jennifer Aniston","12A"
"55",2019,55,"The Secret Life of Pets","The quiet life of a terrier named Max is upended when his owner takes in Duke, a stray whom Max instantly dislikes.",87,"Animation",6.5,61,211610,368.3,"Chris Renaud","Louis C.K.","U"
"56",2019,56,"Brimstone","From the moment the new Reverend climbs the pulpit, Liz knows that she and her family are in great danger.",148,"Drama",7,45,43846,NA,"Martin Koolhoven","Guy Pearce","18"
"57",2019,57,"Jason Bourne","The CIA's most dangerous former operative is drawn out of hiding to uncover more explosive truths about his past.",123,"Action",6.6,58,236618,162.4,"Paul Greengrass","Matt Damon","12A"
"58",2019,58,"The Wailing","Soon after a stranger arrives in a little village, a mysterious sickness starts spreading. A policeman, drawn into the incident, is forced to solve the mystery in order to save his daughter.",156,"Drama",7.4,81,76101,NA,"Na Hong-jin","Jun Kunimura","15"
"59",2019,59,"Mechanic: Resurrection","Bishop's most formidable foe kidnaps the love of his life in order to make him complete three impossible assassinations and make them look like accidents.",98,"Action",5.7,38,90098,21.22,"Dennis Gansel","Jason Statham","15"
"60",2019,60,"Don't Breathe","Hoping to walk away with a massive fortune, a trio of thieves break into the house of a blind man who isn't as helpless as he seems.",88,"Crime",7.1,71,290910,89.22,"Fede Alvarez","Stephen Lang","15"
"61",2019,61,"The Huntsman: Winter's War","Eric and fellow warrior Sara, raised as members of ice Queen Freya's army, try to conceal their forbidden love as they fight to survive the wicked intentions of both Freya and her sister Ravenna.",114,"Action",6.1,35,116293,48.39,"Cedric Nicolas-Troyan","Chris Hemsworth","12A"
"62",2019,62,"Everybody Wants Some!!","In 1980, a group of college baseball players navigate their way through the freedoms and responsibilities of unsupervised adulthood.",117,"Comedy",6.9,85,57318,3.37,"Richard Linklater","Blake Jenner","15"
"63",2019,63,"The Jungle Book","After a threat from the tiger Shere Khan forces him to flee the jungle, a man-cub named Mowgli embarks on a journey of self discovery with the help of panther Bagheera and free-spirited bear Baloo.",106,"Animation",7.4,77,286528,364,"Jon Favreau","Neel Sethi","PG"
"64",2019,64,"Now You See Me 2","The Four Horsemen resurface, and are forcibly recruited by a tech genius to pull off their most impossible heist yet.",129,"Action",6.4,46,309462,65.08,"Jon M. Chu","Jesse Eisenberg","12A"
"65",2019,65,"Lights Out","Rebecca must unlock the terror behind her little brother's experiences that once tested her sanity, bringing her face to face with a supernatural spirit attached to their mother.",81,"Horror",6.3,58,137956,67.27,"David F. Sandberg","Teresa Palmer","15"
"66",2019,66,"The Great Wall","In ancient China, a group of European mercenaries encounters a secret army that maintains and defends the Great Wall of China against a horde of monstrous creatures.",103,"Action",5.9,42,142637,45.54,"Yimou Zhang","Matt Damon","12A"
"67",2019,67,"War Dogs","Loosely based on the true story of two young men, David Packouz and Efraim Diveroli, who won a three hundred million dollar contract from the Pentagon to arm America's allies in Afghanistan.",114,"Biography",7.1,57,239815,43.03,"Todd Phillips","Jonah Hill","15"
"68",2019,68,"The Accountant","As a math savant uncooks the books for a new client, the Treasury Department closes in on his activities, and the body count starts to rise.",128,"Action",7.3,51,309361,86.26,"Gavin O'Connor","Ben Affleck","15"
"69",2019,69,"Ghostbusters","Following a ghost invasion of Manhattan, paranormal enthusiasts Erin Gilbert and Abby Yates, nuclear engineer Jillian Holtzmann, and subway worker Patty Tolan band together to stop the otherworldly threat.",117,"Action",6.8,60,239602,128.3,"Paul Feig","Melissa McCarthy","12A"
"70",2019,70,"The Shallows","A mere 200 yards from shore, surfer Nancy is attacked by a great white shark, with her short journey to safety becoming the ultimate contest of wills.",86,"Action",6.3,59,140388,55.12,"Jaume Collet-Serra","Blake Lively","15"
"71",2019,71,"Silence","In the 17th century, two Portuguese Jesuit priests travel to Japan in an attempt to locate their mentor, who is rumored to have committed apostasy, and to propagate Catholicism.",161,"Drama",7.2,79,118332,7.1,"Martin Scorsese","Andrew Garfield","15"
"72",2019,72,"The Lost City of Z","A true-life drama, centering on British explorer Major Percival Fawcett, who disappeared whilst searching for a mysterious city in the Amazon in the 1920s.",141,"Adventure",6.6,78,96512,8.58,"James Gray","Charlie Hunnam","15"
"73",2019,73,"A Cure for Wellness","An ambitious young executive is sent to retrieve his company's CEO from an idyllic but mysterious ""wellness center"" at a remote location in the Swiss Alps, but soon suspects that the spa's treatments are not what they seem.",146,"Drama",6.4,47,105962,8.11,"Gore Verbinski","Dane DeHaan","18"
"74",2019,74,"The Girl on the Train","A divorcee becomes entangled in a missing persons investigation that promises to send shockwaves throughout her life.",112,"Crime",6.5,48,194869,75.4,"Tate Taylor","Emily Blunt","15"
"75",2019,75,"Assassin's Creed","Callum Lynch explores the memories of his ancestor Aguilar de Nerha and gains the skills of a Master Assassin, before taking on the secret Templar society.",115,"Action",5.6,36,205128,54.65,"Justin Kurzel","Michael Fassbender","PG-13"
"76",2019,76,"The Neon Demon","An aspiring model, Jesse, is new to Los Angeles. However, her beauty and youth, which generate intense fascination and jealousy within the fashion industry, may prove themselves sinister.",117,"Horror",6.1,51,101182,1.33,"Nicolas Winding Refn","Elle Fanning","18"
"77",2019,77,"How to Be Single","A group of young adults navigate love and relationships in New York City.",110,"Comedy",6.1,51,92030,46.84,"Christian Ditter","Dakota Johnson","15"
"78",2019,78,"Inferno","When Robert Langdon wakes up in an Italian hospital with amnesia, he teams up with Dr. Sienna Brooks and they race across Europe together against the clock to foil a deadly global plot.",121,"Action",6.2,42,184827,34.34,"Ron Howard","Tom Hanks","12A"
"79",2019,79,"The Choice","Travis and Gabby first meet as neighbors in a small coastal town and wind up in a relationship that is tested by life's most defining events.",111,"Drama",6.5,26,44236,18.71,"Ross Katz","Benjamin Walker","12A"
"80",2019,80,"Independence Day: Resurgence","Two decades after the first Independence Day invasion, Earth is faced with a new extra-Solar threat. But will mankind's new space defenses be enough?",120,"Action",5.2,32,185535,103.1,"Roland Emmerich","Liam Hemsworth","12A"
"81",2019,81,"Sully","When pilot Chesley ""Sully"" Sullenberger lands his damaged plane on the Hudson River in order to save the flight's passengers and crew, some consider him a hero while others think he was reckless.",96,"Biography",7.4,74,289248,125,"Clint Eastwood","Tom Hanks","12A"
"82",2019,82,"The BFG","An orphan little girl befriends a benevolent giant who takes her to Giant Country, where they attempt to stop the man-eating giants that are invading the human world.",117,"Adventure",6.3,66,90708,55.48,"Steven Spielberg","Mark Rylance","PG"
"83",2019,83,"Hunt for the Wilderpeople","A national manhunt is ordered for a rebellious kid and his foster uncle who go missing in the wild New Zealand bush.",101,"Adventure",7.8,81,137126,5.2,"Taika Waititi","Sam Neill","12A"
"84",2019,84,"Warcraft: The Beginning","As an Orc horde invades the planet Azeroth using a magic portal, a few human heroes and dissenting Orcs must attempt to stop the true evil behind this war.",123,"Action",6.7,32,273219,47.37,"Duncan Jones","Travis Fimmel","12A"
"85",2019,85,"Get a Job","After college, Will is having problems getting a good, lasting job, as are his roomies, his girlfriend, and his just-fired dad.",83,"Comedy",5.2,31,25202,NA,"Dylan Kidd","Miles Teller","15"
"86",2019,86,"Miss Sloane","In the high-stakes world of political power-brokers, Elizabeth Sloane is the most sought after and formidable lobbyist in D.C. But when taking on the most powerful opponent of her career, she finds winning may come at too high a price.",132,"Drama",7.5,64,79725,3.5,"John Madden","Jessica Chastain","15"
"87",2019,87,"Allied","In 1942, a Canadian intelligence officer in North Africa encounters a female French Resistance fighter on a deadly mission behind enemy lines. When they reunite in London, their relationship is tested by the pressures of war.",124,"Action",7.1,60,164453,40.1,"Robert Zemeckis","Brad Pitt","15"
"88",2019,88,"The 5th Wave","Four waves of increasingly deadly alien attacks have left most of Earth in ruin. Cassie is on the run, desperately trying to save her younger brother.",112,"Action",5.2,33,114554,34.92,"J Blakeson","Chloë Grace Moretz","15"
"89",2019,89,"The Take","A young pickpocket and an unruly CIA agent team up on an anti-terrorist mission in France.",92,"Action",6.3,48,49252,0.04,"James Watkins","Idris Elba","15"
"90",2019,90,"Kung Fu Panda 3","Continuing his ""legendary adventures of awesomeness"", Po must face two hugely epic, but different threats: one supernatural and the other a little closer to home.",95,"Animation",7.1,66,175074,143.5,"Alessandro Carloni","Jack Black","PG"
"91",2019,91,"Handsome Devil","Ned and Conor are forced to share a bedroom at their boarding school. The loner and the star athlete at this rugby-mad school form an unlikely friendship until it's tested by the authorities.",95,"Comedy",7,60,16177,NA,"John Butler","Fionn O'Shea","15"
"92",2019,92,"Angry Birds","When an island populated by happy, flightless birds is visited by mysterious green piggies, it's up to three unlikely outcasts - Red, Chuck and Bomb - to figure out what the pigs are up to.",97,"Animation",6.3,43,100015,107.5,"Clay Kaytis","Jason Sudeikis","U"
"93",2019,93,"Swiss Army Man","A hopeless man stranded on a deserted island befriends a dead body, and together they go on a surreal journey to get home.",97,"Comedy",6.9,64,130037,4.21,"Daniel Kwan","Paul Dano","15"
"94",2019,94,"Hush","A deaf and mute writer who retreated into the woods to live a solitary life must fight for her life in silence when a masked killer appears at her window.",82,"Horror",6.6,67,147333,NA,"Mike Flanagan","John Gallagher Jr.","15"
"95",2019,95,"Dirty Grandpa","Right before his wedding, an uptight guy is tricked into driving his grandfather, a lecherous former Army Lieutenant Colonel, to Florida for Spring Break.",102,"Comedy",5.9,21,130061,35.59,"Dan Mazer","Robert De Niro","15"
"96",2019,96,"31","Five carnival workers are kidnapped and held hostage in an abandoned, hellish compound where they are forced to participate in a violent game, the goal of which is to survive twelve hours against a gang of sadistic clowns.",102,"Horror",5.1,35,22195,0.78,"Rob Zombie","Malcolm McDowell","18"
"97",2019,97,"Finding Dory","Friendly but forgetful blue tang Dory begins a search for her long-lost parents and everyone learns a few things about the real meaning of family along the way.",97,"Animation",7.3,77,292613,486.3,"Andrew Stanton","Ellen DeGeneres","U"
"98",2019,98,"Bad Moms","When three overworked and under-appreciated moms are pushed beyond their limits, they ditch their conventional responsibilities for a jolt of long overdue freedom, fun and comedic self-indulgence.",100,"Comedy",6.2,60,131571,113.2,"Jon Lucas","Mila Kunis","15"
"99",2019,99,"The Edge of Seventeen","High-school life gets even more unbearable for Nadine when her best friend, Krista, starts dating her older brother.",104,"Comedy",7.3,77,136075,14.43,"Kelly Fremon Craig","Hailee Steinfeld","15"
"100",2019,100,"Anthropoid","Based on the extraordinary true story of Operation Anthropoid, the WWII mission to assassinate SS General Reinhard Heydrich, the main architect behind the Final Solution and the Reich's third in command after Hitler and Himmler.",120,"Action",7.2,59,52171,2.96,"Sean Ellis","Jamie Dornan","15"
"101",2017,1,"Blade Runner 2049","Young Blade Runner K's discovery of a long-buried secret leads him to track down former Blade Runner Rick Deckard, who's been missing for thirty years.",164,"Action",8,81,623167,92.05,"Denis Villeneuve","Harrison Ford","15"
"102",2017,2,"Get Out","A young African-American visits his White girlfriend's parents for the weekend, where his simmering uneasiness about their reception of him eventually reaches a boiling point.",104,"Horror",7.8,85,655972,176,"Jordan Peele","Daniel Kaluuya","15"
"103",2017,3,"Murder on the Orient Express","When a murder occurs on the train on which he's travelling, celebrated detective Hercule Poirot is recruited to solve the case.",114,"Crime",6.5,52,274461,102.8,"Kenneth Branagh","Kenneth Branagh","12A"
"104",2017,4,"Wind River","A wildlife officer, who is haunted by a tragedy that happened because of him, teams up with an FBI agent in solving a murder of a young woman on a Wyoming Native American reservation and hopes to get redemption from his past regrets.",107,"Crime",7.7,73,267814,33.8,"Taylor Sheridan","Elizabeth Olsen","15"
"105",2017,5,"It","In the summer of 1989, a group of bullied kids band together to destroy a shape-shifting monster, which disguises itself as a clown and preys on the children of Derry, their small Maine town.",135,"Horror",7.3,69,581467,327.4,"Andy Muschietti","Bill Skarsgård","15"
"106",2017,6,"The Killing of a Sacred Deer","Steven, a charismatic surgeon, is forced to make an unthinkable sacrifice after his life starts to fall apart, when the behavior of a teenage boy he has taken under his wing turns sinister.",121,"Drama",7,73,168820,2.29,"Yorgos Lanthimos","Barry G. Bernson","15"
"107",2017,7,"Dunkirk","Allied soldiers from Belgium, the British Commonwealth and Empire, and France are surrounded by the German Army and evacuated during a fierce battle in World War II.",106,"Action",7.8,94,711350,188.3,"Christopher Nolan","Fionn Whitehead","12A"
"108",2017,8,"Call Me by Your Name","In 1980s Italy, romance blossoms between a seventeen-year-old student and the older man hired as his father's research assistant.",132,"Drama",7.8,94,297098,18.1,"Luca Guadagnino","Timothée Chalamet","15"
"109",2017,9,"Baywatch","Devoted lifeguard Mitch Buchannon butts heads with a brash new recruit, as they uncover a criminal plot that threatens the future of the bay.",116,"Action",5.5,37,196546,58.06,"Seth Gordon","Dwayne Johnson","15"
"110",2017,10,"Justice League","Fueled by his restored faith in humanity and inspired by Superman's selfless act, Bruce Wayne enlists the help of his new-found ally, Diana Prince, to face an even greater enemy.",120,"Action",6.1,45,469348,229,"Zack Snyder","Ben Affleck","12A"
"111",2017,11,"Wonder Woman","When a pilot crashes and tells of conflict in the outside world, Diana, an Amazonian warrior in training, leaves home to fight a war, discovering her full powers and true destiny.",141,"Action",7.4,76,683879,412.5,"Patty Jenkins","Gal Gadot","12A"
"112",2017,12,"Pirates of the Caribbean: Salazar's Revenge","Captain Jack Sparrow is pursued by old rival Captain Salazar and a crew of deadly ghosts who have escaped from the Devil's Triangle. They're determined to kill every pirate at sea...notably Jack.",129,"Action",6.5,39,332004,172.5,"Joachim Rønning","Johnny Depp","12A"
"113",2017,13,"Beauty and the Beast","A selfish Prince is cursed to become a monster for the rest of his life, unless he learns to fall in love with a beautiful young woman he keeps prisoner.",129,"Adventure",7.1,65,324914,504,"Bill Condon","Emma Watson","PG"
"114",2017,14,"The Greatest Showman","Celebrates the birth of show business and tells of a visionary who rose from nothing to create a spectacle that became a worldwide sensation.",105,"Biography",7.5,48,299079,174.3,"Michael Gracey","Hugh Jackman","PG"
"115",2017,15,"Gerald's Game","A couple tries to spice up their marriage in a remote lake house. After the husband dies unexpectedly, the wife is left handcuffed to their bed frame and must fight to survive and break free.",103,"Drama",6.5,77,119621,NA,"Mike Flanagan","Carla Gugino","18"
"116",2017,16,"Spider-Man: Homecoming","Peter Parker balances his life as an ordinary high school student in Queens with his superhero alter-ego Spider-Man, and finds himself on the trail of a new menace prowling the skies of New York City.",133,"Action",7.4,73,695190,334.2,"Jon Watts","Tom Holland","12A"
"117",2017,17,"Guardians of the Galaxy: Vol. 2","The Guardians struggle to keep together as a team while dealing with their personal family issues, notably Star-Lord's encounter with his father, the ambitious celestial being Ego.",136,"Action",7.6,67,735152,389.8,"James Gunn","Chris Pratt","12A"
"118",2017,18,"Alien: Covenant","The crew of a colony ship, bound for a remote planet, discover an uncharted paradise with a threat beyond their imagination, and must attempt a harrowing escape.",122,"Horror",6.4,65,293938,74.26,"Ridley Scott","Michael Fassbender","15"
"119",2017,19,"Jumanji: Welcome to the Jungle","Four teenagers are sucked into a magical video game, and the only way they can escape is to work together to finish the game.",119,"Action",6.9,58,405128,404.5,"Jake Kasdan","Dwayne Johnson","12A"
"120",2017,20,"John Wick: Chapter 2","After returning to the criminal underworld to repay a debt, John Wick discovers that a large bounty has been put on his life.",122,"Action",7.4,75,490592,92.03,"Chad Stahelski","Keanu Reeves","18"
"121",2017,21,"Baby Driver","After being coerced into working for a crime boss, a young getaway driver finds himself taking part in a heist doomed to fail.",113,"Action",7.6,86,581584,107.8,"Edgar Wright","Ansel Elgort","15"
"122",2017,22,"Mother!","A couple's relationship is tested when uninvited guests arrive at their home, disrupting their tranquil existence.",121,"Drama",6.6,76,240679,17.8,"Darren Aronofsky","Jennifer Lawrence","18"
"123",2017,23,"Three Billboards Outside Ebbing, Missouri","A mother personally challenges the local authorities to solve her daughter's murder when they fail to catch the culprit.",115,"Comedy",8.1,88,535725,54.51,"Martin McDonagh","Frances McDormand","15"
"124",2017,24,"The Mummy","An ancient Egyptian princess is awakened from her crypt beneath the desert, bringing with her malevolence grown over millennia, and terrors that defy human comprehension.",111,"Action",5.4,34,199540,80.1,"Alex Kurtzman","Tom Cruise","15"
"125",2017,25,"Lady Bird","In 2002, an artistically inclined 17-year-old girl comes of age in Sacramento, California.",94,"Comedy",7.4,93,313431,48.96,"Greta Gerwig","Saoirse Ronan","15"
"126",2017,26,"Thor: Ragnarok","Imprisoned on the planet Sakaar, Thor must race against time to return to Asgard and stop Ragnarök, the destruction of his world, at the hands of the powerful and ruthless villain Hela.",130,"Action",7.9,74,791583,315,"Taika Waititi","Chris Hemsworth","12A"
"127",2017,27,"Coco","Aspiring musician Miguel, confronted with his family's ancestral ban on music, enters the Land of the Dead to find his great-great-grandfather, a legendary singer.",105,"Animation",8.4,81,553753,209.7,"Lee Unkrich","Anthony Gonzalez","PG"
"128",2017,28,"I, Tonya","Competitive ice skater Tonya Harding rises amongst the ranks at the U.S. Figure Skating Championships, but her future in the activity is thrown into doubt when her ex-husband intervenes.",119,"Biography",7.5,77,233636,30.01,"Craig Gillespie","Margot Robbie","15"
"129",2017,29,"Transformers: The Last Knight","A deadly threat from Earth's history reappears and a hunt for a lost artifact takes place between Autobots and Decepticons, while Optimus Prime encounters his creator in space.",154,"Action",5.2,27,163873,130.1,"Michael Bay","Mark Wahlberg","12A"
"130",2017,30,"Annabelle: Creation","Twelve years after the tragic death of their little girl, a doll-maker and his wife welcome a nun and several girls from a shuttered orphanage into their home, where they become the target of the doll-maker's possessed creation, Annabelle.",109,"Horror",6.5,62,144846,102,"David F. Sandberg","Anthony LaPaglia","15"
"131",2017,31,"Logan","In a future where mutants are nearly extinct, an elderly and weary Logan leads a quiet life. But when Laura, a mutant child pursued by scientists, comes to him for help, he must get her to safety.",137,"Action",8.1,77,803266,226.2,"James Mangold","Hugh Jackman","15"
"132",2017,32,"The Dark Tower","A boy haunted by visions of a dark tower from a parallel reality teams up with the tower's disillusioned guardian to stop an evil warlock known as the Man in Black who plans to use the boy to destroy the tower and open the gates of Hell.",95,"Action",5.6,34,143347,50.7,"Nikolaj Arcel","Idris Elba","12A"
"133",2017,33,"Gifted","Frank, a single man raising his child prodigy niece Mary, is drawn into a custody battle with his mother.",101,"Drama",7.6,60,125615,24.8,"Marc Webb","Chris Evans","12A"
"134",2017,34,"The Shape of Water","At a top secret research facility in the 1960s, a lonely janitor forms a unique relationship with an amphibious creature that is being held in captivity.",123,"Drama",7.3,87,437045,63.86,"Guillermo del Toro","Sally Hawkins","15"
"135",2017,35,"Valerian and the City of a Thousand Planets","A dark force threatens Alpha, a vast metropolis and home to species from a thousand planets. Special operatives Valerian and Laureline must race to identify the marauding menace and safeguard not just Alpha, but the future of the universe.",136,"Action",6.4,51,191784,41.19,"Luc Besson","Dane DeHaan","12A"
"136",2017,36,"Fifty Shades Darker","While Christian wrestles with his inner demons, Anastasia must confront the anger and envy of the women who came before her.",118,"Drama",4.6,33,108004,114.3,"James Foley","Dakota Johnson","18"
"137",2017,37,"Life","A team of scientists aboard the International Space Station discover a rapidly evolving life form that caused extinction on Mars and now threatens all life on Earth.",104,"Horror",6.6,54,244216,30.23,"Daniel Espinosa","Jake Gyllenhaal","15"
"138",2017,38,"Star Wars: Episode VIII - The Last Jedi","The Star Wars saga continues as new heroes and galactic legends go on an epic adventure, unlocking mysteries of the Force and shocking revelations of the past.",152,"Action",6.9,84,656005,620.1,"Rian Johnson","Daisy Ridley","12A"
"139",2017,39,"American Made","The story of Barry Seal, an American pilot who became a drug-runner for the CIA in the 1980s in a clandestine operation that would be exposed as the Iran-Contra Affair.",115,"Action",7.1,65,197895,51.34,"Doug Liman","Tom Cruise","15"
"140",2017,40,"Wonder","Based on the New York Times bestseller, this movie tells the incredibly inspiring and heartwarming story of August Pullman, a boy with facial differences who enters the fifth grade, attending a mainstream elementary school for the first time.",113,"Drama",7.9,66,173094,132.4,"Stephen Chbosky","Jacob Tremblay","PG"
"141",2017,41,"Jigsaw","Bodies are turning up around the city, each having met a uniquely gruesome demise. As the investigation proceeds, evidence points to one suspect: John Kramer, the man known as Jigsaw, who has been dead for over 10 years.",92,"Horror",5.7,39,85556,38.05,"Michael Spierig","Matt Passmore","18"
"142",2017,42,"King Arthur: Legend of the Sword","Robbed of his birthright, Arthur comes up the hard way in the back alleys of the city. But once he pulls the sword from the stone, he is forced to acknowledge his true legacy - whether he likes it or not.",126,"Action",6.7,41,226319,39.18,"Guy Ritchie","Charlie Hunnam","12A"
"143",2017,43,"Kingsman: The Golden Circle","After the Kingsman's headquarters is destroyed and the world is held hostage, an allied spy organization in the United States is discovered. These two elite secret agencies must band together to defeat a common enemy.",141,"Action",6.7,44,349785,100.2,"Matthew Vaughn","Taron Egerton","15"
"144",2017,44,"The Babysitter","When Cole stays up past his bedtime, he discovers that his hot baby sitter belongs to a satanic cult that will stop at nothing to keep him quiet.",85,"Comedy",6.3,NA,103055,NA,"McG","Judah Lewis","15"
"145",2017,45,"Fast & Furious 8","When a mysterious woman seduces Dominic Toretto into the world of terrorism and a betrayal of those closest to him, the crew face trials that will test them as never before.",136,"Action",6.6,56,246748,226,"F. Gary Gray","Vin Diesel","12A"
"146",2017,46,"Cars 3","Lightning McQueen sets out to prove to a new generation of racers that he's still the best race car in the world.",102,"Animation",6.7,59,113417,152.9,"Brian Fee","Owen Wilson","U"
"147",2017,47,"Darkest Hour","In May 1940, the fate of World War II hangs on Winston Churchill, who must decide whether to negotiate with Adolf Hitler, or fight on knowing that it could mean the end of the British Empire.",125,"Biography",7.4,75,213307,56.47,"Joe Wright","Gary Oldman","PG"
"148",2017,48,"War for the Planet of the Apes","After the apes suffer unimaginable losses, Caesar wrestles with his darker instincts and begins his own mythic quest to avenge his kind.",140,"Action",7.4,82,271277,146.8,"Matt Reeves","Andy Serkis","12A"
"149",2017,49,"Girls Trip","When four lifelong friends travel to New Orleans for the annual Essence Festival, sisterhoods are rekindled, wild sides are rediscovered, and there's enough dancing, drinking, brawling and romancing to make the Big Easy blush.",122,"Adventure",6.2,71,39562,115.1,"Malcolm D. Lee","Regina Hall","15"
"150",2017,50,"Death Note","A high school student named Light Turner discovers a mysterious notebook that has the power to kill anyone whose name is written within its pages, and launches a secret crusade to rid the world of criminals.",101,"Crime",4.6,43,88640,NA,"Adam Wingard","Nat Wolff","18"
"151",2017,51,"Phantom Thread","Set in 1950s London, Reynolds Woodcock is a renowned dressmaker whose fastidious life is disrupted by a young, strong-willed woman, Alma, who becomes his muse and lover.",130,"Drama",7.4,90,140395,21.02,"Paul Thomas Anderson","Vicky Krieps","15"
"152",2017,52,"The Ritual","A group of old college friends reunite for a trip to a most dangerous country in Eastern Europe - Sweden, encountering a menacing presence there stalking them.",94,"Horror",6.3,57,112116,NA,"David Bruckner","Rafe Spall","15"
"153",2017,53,"Hostiles","In 1892, a legendary Army Captain reluctantly agrees to escort a Cheyenne chief and his family through dangerous territory.",134,"Drama",7.2,65,91855,29.82,"Scott Cooper","Scott Shepherd","15"
"154",2017,54,"Ghost in the Shell","In the near future, Major Mira Killian is the first of her kind: A human saved from a terrible crash, who is cyber-enhanced to be a perfect soldier devoted to stopping the world's most dangerous criminals.",107,"Action",6.3,52,223230,40.56,"Rupert Sanders","Scarlett Johansson","12A"
"155",2017,55,"Kong: Skull Island","After the Vietnam war, a team of scientists explores an uncharted island in the Pacific, venturing into the domain of the mighty Kong and must fight to escape a primal Eden.",118,"Action",6.7,62,335326,168,"Jordan Vogt-Roberts","Tom Hiddleston","12A"
"156",2017,56,"Disobedience","A woman returns to her Orthodox Jewish community that shunned her for her attraction to a female childhood friend. Once back, their passions reignite as they explore the boundaries of faith and sexuality.",114,"Drama",6.6,74,34113,3.48,"Sebastián Lelio","Rachel Weisz","15"
"157",2017,57,"Good Time","After a botched bank robbery lands his younger brother in prison, Connie Nikas embarks on a twisted odyssey through New York City's underworld to get his brother Nick out of jail.",102,"Crime",7.3,80,133333,2.03,"Benny Safdie","Robert Pattinson","15"
"158",2017,58,"Atomic Blonde","An undercover MI6 agent is sent to Berlin during the Cold War to investigate the murder of a fellow agent and recover a missing list of double agents.",115,"Action",6.7,63,201961,51.69,"David Leitch","Charlize Theron","15"
"159",2017,59,"The Lego Batman Movie","A cooler-than-ever Bruce Wayne must deal with the usual suspects as they plan to rule Gotham City, while discovering that he has accidentally adopted a teenage orphan who wishes to become his sidekick.",104,"Animation",7.3,75,165848,175.7,"Chris McKay","Will Arnett","U"
"160",2017,60,"Picture of Beauty","In an early 20th century village, a painter with an unusual commission finds two pretty girls to model for him. The girls slowly come of age while exploring their sexuality and finding liberation in a repressed society.",70,"Drama",3.5,NA,1548,NA,"Maxim Ford","Taylor Sands","12A"
"161",2017,61,"Pitch Perfect 3","Following their win at the world championship, the now separated Bellas reunite for one last singing competition at an overseas USO tour, but face a group who uses both instruments and voices.",93,"Comedy",5.8,40,69383,104.9,"Trish Sie","Anna Kendrick","15"
"162",2017,62,"The Florida Project","Set over one summer, the film follows precocious six-year-old Moonee as she courts mischief and adventure with her ragtag playmates and bonds with her rebellious but caring mother, all while living in the shadows of Walt Disney World.",111,"Drama",7.6,92,122750,5.9,"Sean Baker","Brooklynn Prince","12A"
"163",2017,63,"Only the Brave","Based on the true story of the Granite Mountain Hotshots, a group of elite firefighters who risk everything to protect a town from a historic wildfire.",134,"Action",7.6,72,74506,18.34,"Joseph Kosinski","Josh Brolin","15"
"164",2017,64,"Molly's Game","The true story of Molly Bloom, an Olympic-class skier who ran the world's most exclusive high-stakes poker game and became an FBI target.",140,"Biography",7.4,71,181952,28.78,"Aaron Sorkin","Jessica Chastain","U"
"165",2017,65,"The Boss Baby","A suit-wearing, briefcase-carrying baby pairs up with his 7-year old brother to stop the dastardly plot of the CEO of Puppy Co.",97,"Animation",6.3,50,136187,175,"Tom McGrath","Alec Baldwin","12A"
"166",2017,66,"The Post","A cover-up spanning four U.S. Presidents pushes the country's first female newspaper publisher and her editor to join an unprecedented battle between press and government.",116,"Biography",7.2,83,158208,81.9,"Steven Spielberg","Meryl Streep","15"
"167",2017,67,"What Happened to Monday","In a world where families are limited to one child due to overpopulation, a set of identical septuplets must avoid being put to a long sleep by the government and dangerous infighting while investigating the disappearance of one of their own.",123,"Action",6.8,47,130348,NA,"Tommy Wirkola","Noomi Rapace","15"
"168",2017,68,"The Death of Stalin","Moscow, 1953. After being in power for nearly 30 years, Soviet dictator Joseph Vissarionovich Stalin takes ill and quickly dies. Now the members of the Council of Ministers scramble for power.",107,"Comedy",7.2,88,109387,8.04,"Armando Iannucci","Steve Buscemi","12"
"169",2017,69,"The Circle","A woman lands a dream job at a powerful tech company called the Circle, only to uncover an agenda that will affect the lives of all of humanity.",110,"Drama",5.3,43,97516,20.5,"James Ponsoldt","Emma Watson","15"
"170",2017,70,"Downsizing","A social satire in which a man realizes he would have a better life if he were to shrink himself to five inches tall, allowing him to live in wealth and splendor.",135,"Drama",5.8,64,116691,24.45,"Alexander Payne","Matt Damon","18"
"171",2017,71,"Revenge","Never take your mistress on an annual guys' getaway, especially one devoted to hunting - a violent lesson for three wealthy married men.",108,"Action",6.4,81,46601,0.1,"Coralie Fargeat","Matilda Anna Ingrid Lutz","15"
"172",2017,72,"Shot Caller","A newly released prisoner is forced by the leaders of his gang to orchestrate a major crime with a brutal rival gang on the streets of Southern California.",121,"Crime",7.3,59,92824,NA,"Ric Roman Waugh","Nikolaj Coster-Waldau","18"
"173",2017,73,"Leatherface","A teenage Leatherface escapes from a mental hospital with three other inmates, kidnapping a young nurse and taking her on a road trip from hell, while being pursued by a lawman out for revenge.",90,"Crime",5,40,26374,NA,"Alexandre Bustillo","Stephen Dorff","U"
"174",2017,74,"Despicable Me 3","Gru meets his long-lost, charming, cheerful, and more successful twin brother Dru, who wants to team up with him for one last criminal heist.",89,"Animation",6.2,49,146380,264.6,"Kyle Balda","Steve Carell","15"
"175",2017,75,"The Square","A prestigious Stockholm museum's chief art curator finds himself in times of both professional and personal crisis as he attempts to set up a controversial new exhibit.",151,"Comedy",7.1,73,74013,1.5,"Ruben Östlund","Claes Bang","15"
"176",2017,76,"The Layover","Two friends on a road trip compete for the affections of a handsome man when their flight is redirected due to a hurricane.",88,"Comedy",4.8,15,16097,NA,"William H. Macy","Kate Upton","12A"
"177",2017,77,"Geostorm","When the network of satellites designed to control the global climate starts to attack Earth, it's a race against the clock for its creator to uncover the real threat before a worldwide Geostorm wipes out everything and everyone.",109,"Action",5.3,21,114498,33.7,"Dean Devlin","Gerard Butler","12"
"178",2017,78,"Woody Woodpecker","The hyperactive red-headed bird enters a turf war with a big city lawyer wanting to tear down his home in an effort to build a house to flip.",91,"Animation",4.1,NA,4542,NA,"Alex Zamm","Eric Bauza","15"
"179",2017,79,"The Hitman's Bodyguard","One of the world's top bodyguards gets a new client, a world class hitman who must testify at the International Criminal Court. They must put their differences aside and work together to make it to the trial alive and on time.",118,"Action",6.9,47,241184,75.47,"Patrick Hughes","Ryan Reynolds","PG"
"180",2017,80,"Paddington 2","Paddington, now happily settled with the Brown family and a popular member of the local community, picks up a series of odd jobs to buy the perfect present for his Aunt Lucy's 100th birthday, only for the gift to be stolen.",103,"Adventure",7.8,88,87341,40.44,"Paul King","Ben Whishaw","15"
"181",2017,81,"Papillon","Wrongfully convicted for murder, Henri Charriere forms an unlikely relationship with fellow inmate and quirky convicted counterfeiter, Louis Dega, in an attempt to escape from the notorious penal colony on Devil's Island.",133,"Adventure",7.2,51,81868,2.34,"Michael Noer","Charlie Hunnam","18"
"182",2017,82,"Hot Summer Nights","In 1991, a sheltered teenage boy comes of age during a wild summer he spends on Cape Cod getting rich from selling pot to gangsters, falling in love for the first time, partying and eventually realizing that he is in over his head.",107,"Crime",6.4,44,22055,NA,"Elijah Bynum","Timothée Chalamet","18"
"183",2017,83,"Brawl in Cell Block 99","A former boxer-turned-drug runner lands in a prison battleground after a deal gets deadly.",132,"Action",7.1,79,72010,NA,"S. Craig Zahler","Vince Vaughn","NA"
"184",2017,84,"Forgotten","When his abducted brother returns seemingly a different man with no memory of the past 19 days, Jin-seok chases after the truth behind the kidnapping.",108,"Crime",7.4,NA,42037,NA,"Hang-jun Jang","Kang Ha-neul","15"
"185",2017,85,"Happy Death Day","A college student must relive the day of her murder over and over again, in a loop that will end only when she discovers her killer's identity.",96,"Comedy",6.6,58,155078,55.68,"Christopher Landon","Jessica Rothe","15"
"186",2017,86,"Sand Castle","The story follows a young soldier, and his introduction into the 2003 invasion of Iraq. Based on true events, it bears witness to the destruction and horrors of war.",113,"Action",6.3,45,25960,NA,"Fernando Coimbra","Nicholas Hoult","15"
"187",2017,87,"The Glass Castle","A young girl comes of age in a dysfunctional family of nonconformist nomads with a mother who's an eccentric artist and an alcoholic father who would stir the children's imagination with hope as a distraction to their poverty.",127,"Biography",7.1,56,37192,17.27,"Destin Daniel Cretton","Brie Larson","12A"
"188",2017,88,"The Snowman","Detective Harry Hole investigates the disappearance of a woman whose scarf is found wrapped around an ominous-looking snowman.",119,"Crime",5.1,23,69552,6.67,"Tomas Alfredson","Michael Fassbender","15"
"189",2017,89,"1922","A simple yet proud farmer in the year 1922 conspires to murder his wife for financial gain, convincing his teenage son to assist. But their actions have unintended consequences.",102,"Crime",6.2,70,68990,NA,"Zak Hilditch","Thomas Jane","15"
"190",2017,90,"The Beguiled","The unexpected arrival of a wounded Union soldier at a girls school in Virginia during the American Civil War leads to jealousy and betrayal.",93,"Drama",6.3,77,60217,10.58,"Sofia Coppola","Nicole Kidman","15"
"191",2017,91,"Logan Lucky","Two brothers attempt to pull off a heist during a NASCAR race in North Carolina.",118,"Action",7,78,157330,27.78,"Steven Soderbergh","Channing Tatum","12A"
"192",2017,92,"Bright","A detective must work with an Orc to find a powerful wand before evil creatures do.",117,"Action",6.3,29,197464,NA,"David Ayer","Will Smith","15"
"193",2017,93,"The Wife","A wife questions her life choices as she travels to Stockholm to see her husband receive the Nobel Prize for Literature.",99,"Drama",7.2,77,41990,9.6,"Björn Runge","Glenn Close","15"
"194",2017,94,"The Emoji Movie","Gene, a multi-expressional emoji, sets out on a journey to become a normal emoji.",86,"Animation",3.4,12,68878,86.09,"Tony Leondis","T.J. Miller","U"
"195",2017,95,"The Disaster Artist","When aspiring actor Greg Sestero meets the weird and mysterious Tommy Wiseau in an acting class, they form a unique friendship and travel to Hollywood to make their dreams come true.",104,"Biography",7.3,76,160714,21.12,"James Franco","James Franco","15"
"196",2017,96,"xXx: Return of Xander Cage","Xander Cage is left for dead after an incident, though he secretly returns to action for a new, tough assignment with his handler Augustus Gibbons.",107,"Action",5.2,42,95548,44.9,"D.J. Caruso","Vin Diesel","12A"
"197",2017,97,"It Comes at Night","Secure within a desolate home as an unnatural threat terrorizes the world, a man has established a tenuous domestic order with his wife and son. Then a desperate young family arrives seeking refuge.",91,"Drama",6.2,78,99233,13.99,"Trey Edward Shults","Joel Edgerton","15"
"198",2017,98,"Power Rangers","When Earth is on the verge of an alien invasion, five teenagers, who are infused with superhuman abilities, must harness their newfound powers to battle this threat - as the Power Rangers.",124,"Action",5.9,44,112186,85.36,"Dean Israelite","Dacre Montgomery","12A"
"199",2017,99,"Before I Fall","February 12 is just another day in Sam's charmed life, until it turns out to be her last. Stuck reliving her last day over and over, Sam untangles the mystery around her death and discovers everything she's losing.",98,"Drama",6.4,58,55304,12.24,"Ry Russo-Young","Zoey Deutch","12"
"200",2017,100,"The Upside","A comedic look at the relationship between a wealthy man with quadriplegia and an unemployed man with a criminal record who's hired to help him.",126,"Comedy",7,46,60595,108.2,"Neil Burger","Kevin Hart","12A"
"201",2019,1,"Once Upon a Time... in Hollywood","A faded television actor and his stunt double strive to achieve fame and success in the final years of Hollywood's Golden Age in 1969 Los Angeles.",161,"Comedy",7.6,83,799912,142.5,"Quentin Tarantino","Leonardo DiCaprio","18"
"202",2019,2,"Joker","During the 1980's, a failed stand-up comedian is driven insane and turns to a life of crime and chaos in Gotham City while becoming an infamous psychopathic crime figure.",122,"Crime",8.4,59,1399931,335.4,"Todd Phillips","Joaquin Phoenix","15"
"203",2019,3,"Midsommar","A couple travels to Northern Europe to visit a rural hometown's fabled Swedish mid-summer festival. What begins as an idyllic retreat quickly devolves into an increasingly violent and bizarre competition at the hands of a pagan cult.",148,"Drama",7.1,72,369031,27.33,"Ari Aster","Florence Pugh","18"
"204",2019,4,"Parasite","Greed and class discrimination threaten the newly formed symbiotic relationship between the wealthy Park family and the destitute Kim clan.",132,"Drama",8.5,96,886869,53.37,"Bong Joon Ho","Song Kang-ho","15"
"205",2019,5,"Avengers: Endgame","After the devastating events of Avengers: Infinity War (2018), the universe is in ruins. With the help of remaining allies, the Avengers assemble once more in order to reverse Thanos' actions and restore balance to the universe.",181,"Action",8.4,78,1213489,858.3,"Anthony Russo","Robert Downey Jr.","12A"
"206",2019,6,"After","A young woman falls for a guy with a dark secret and the two embark on a rocky relationship. Based on the novel by Anna Todd.",105,"Drama",5.3,30,61617,12.14,"Jenny Gage","Josephine Langford","12"
"207",2019,7,"The Gentlemen","An American expat tries to sell off his highly profitable marijuana empire in London, triggering plots, schemes, bribery and blackmail in an attempt to steal his domain out from under him.",113,"Action",7.8,51,370340,36.47,"Guy Ritchie","Matthew McConaughey","18"
"208",2019,8,"Knives Out","A detective investigates the death of the patriarch of an eccentric, combative family.",130,"Comedy",7.9,82,740269,165.3,"Rian Johnson","Daniel Craig","12A"
"209",2019,9,"Little Women","Jo March reflects back and forth on her life, telling the beloved story of the March sisters - four young women, each determined to live life on her own terms.",135,"Drama",7.8,91,228332,108.1,"Greta Gerwig","Saoirse Ronan","U"
"210",2019,10,"Le Mans '66","American car designer Carroll Shelby and driver Ken Miles battle corporate interference and the laws of physics to build a revolutionary race car for Ford in order to defeat Ferrari at the 24 Hours of Le Mans in 1966.",152,"Action",8.1,81,436089,117.6,"James Mangold","Matt Damon","12A"
"211",2019,11,"Ready or Not","A bride's wedding night takes a sinister turn when her eccentric new in-laws force her to take part in a terrifying game.",95,"Action",6.9,64,170173,28.71,"Matt Bettinelli-Olpin","Samara Weaving","18"
"212",2019,12,"The Irishman","An illustration of Frank Sheeran's life, from W.W.II veteran to hit-man for the Bufalino crime family and his alleged assassination of his close friend Jimmy Hoffa.",209,"Biography",7.8,94,412855,7,"Martin Scorsese","Robert De Niro","15"
"213",2019,13,"Vivarium","A young couple looking for the perfect home find themselves trapped in a mysterious labyrinth-like neighborhood of identical houses.",97,"Horror",5.9,64,68487,NA,"Lorcan Finnegan","Imogen Poots","15"
"214",2019,14,"Star Wars: The Rise of Skywalker","In the riveting conclusion of the landmark Skywalker saga, new legends will be born-and the final battle for freedom is yet to come.",141,"Action",6.4,53,476187,515.2,"J.J. Abrams","Daisy Ridley","12A"
"215",2019,15,"The Lion King","After the murder of his father, a young lion prince flees his kingdom only to learn the true meaning of responsibility and bravery.",118,"Animation",6.8,55,259038,543.6,"Jon Favreau","Donald Glover","PG"
"216",2019,16,"Doctor Sleep","Years following the events of The Shining (1980), a now-adult Dan Torrance must protect a young girl with similar powers from a cult known as The True Knot, who prey on children with powers to remain immortal.",152,"Drama",7.3,59,206717,31.58,"Mike Flanagan","Ewan McGregor","15"
"217",2019,17,"Uncut Gems","With his debts mounting and angry collectors closing in, a fast-talking New York City jeweler risks everything in hope of staying afloat and alive.",135,"Crime",7.4,91,303896,NA,"Benny Safdie","Adam Sandler","15"
"218",2019,18,"1917","April 6th, 1917. As an infantry battalion assembles to wage war deep in enemy territory, two soldiers are assigned to race against time and deliver a message that will stop 1,600 men from walking straight into a deadly trap.",119,"Action",8.2,78,641218,159.2,"Sam Mendes","Dean-Charles Chapman","15"
"219",2019,19,"Anna","Beneath Anna Poliatova's striking beauty lies a secret that will unleash her indelible strength and skill to become one of the world's most feared government assassins.",118,"Action",6.6,40,89165,7.74,"Luc Besson","Sasha Luss","15"
"220",2019,20,"John Wick: Chapter 3 - Parabellum","John Wick is on the run after killing a member of the international assassins' guild, and with a $14 million price tag on his head, he is the target of hit men and women everywhere.",130,"Action",7.4,73,404864,171,"Chad Stahelski","Keanu Reeves","15"
"221",2019,21,"Jexi","Phil makes top 10 pop lists at work. His only ""friend"" is cellphone Siri. His new phone includes AI helper Jexi, who improves/controls his social life.",84,"Comedy",6,39,30495,NA,"Jon Lucas","Adam Devine","15"
"222",2019,22,"Jojo Rabbit","A young German boy in the Hitler Youth whose hero and imaginary friend is the country's dictator is shocked to discover that his mother is hiding a Jewish girl in their home.",108,"Comedy",7.9,58,420947,33.37,"Taika Waititi","Roman Griffin Davis","12A"
"223",2019,23,"Us","A family's serene beach vacation turns to chaos when their doppelgängers appear and begin to terrorize them.",116,"Horror",6.8,81,322749,175,"Jordan Peele","Lupita Nyong'o","15"
"224",2019,24,"The Lighthouse","Two lighthouse keepers try to maintain their sanity while living on a remote and mysterious New England island in the 1890s.",109,"Drama",7.4,83,238643,0.43,"Robert Eggers","Robert Pattinson","15"
"225",2019,25,"It: Chapter Two","Twenty-seven years after their first encounter with the terrifying Pennywise, the Losers Club have grown up and moved away, until a devastating phone call brings them back.",169,"Drama",6.5,58,287723,211.5,"Andy Muschietti","Jessica Chastain","15"
"226",2019,26,"Alita: Battle Angel","A deactivated cyborg's revived, but can't remember anything of her past and goes on a quest to find out who she is.",122,"Action",7.3,53,284195,85.71,"Robert Rodriguez","Rosa Salazar","12A"
"227",2019,27,"Shazam!","A newly fostered young boy in search of his mother instead finds unexpected super powers and soon gains a powerful enemy.",132,"Action",7,71,372528,140.3,"David F. Sandberg","Zachary Levi","12A"
"228",2019,28,"Aladdin","A kind-hearted street urchin and a power-hungry Grand Vizier vie for a magic lamp that has the power to make their deepest wishes come true.",128,"Adventure",6.9,53,281474,355.5,"Guy Ritchie","Will Smith","PG"
"229",2019,29,"Curiosa","A passionate love story set against a backdrop of sexual freedom, loosely based on the relationship between 19th-century authors Pierre Louÿs and Marie de Régnier.",107,"Biography",5.4,NA,3002,NA,"Lou Jeunet","Noémie Merlant","15"
"230",2019,30,"The King","Hal, wayward prince and heir to the English throne, is crowned King Henry V after his tyrannical father dies. Now the young king must navigate palace politics, the war his father left behind, and the emotional strings of his past life.",140,"Biography",7.3,62,142715,NA,"David Michôd","Tom Glynn-Carney","15"
"231",2019,31,"Terminator: Dark Fate","An augmented human and Sarah Connor must stop an advanced liquid Terminator from hunting down a young girl, whose fate is critical to the human race.",128,"Action",6.2,54,187705,62.25,"Tim Miller","Linda Hamilton","15"
"232",2019,32,"Rocketman","A musical fantasy about the fantastical human story of Elton John's breakthrough years.",121,"Biography",7.3,69,186842,96.37,"Dexter Fletcher","Taron Egerton","18"
"233",2019,33,"Queen of Hearts","A successful lawyer jeopardizes her career and threatens to tear her family apart after engaging in an affair with her teenage stepson.",127,"Drama",7.1,67,13217,NA,"May el-Toukhy","Trine Dyrholm","NA"
"234",2019,34,"I See You","A policeman and his doctor wife have some marriage problems and the son blames the mother. For his job, the policeman investigates a case of a missing boy. The possible kidnapping looks like some cases from a few years ago.",98,"Crime",6.8,65,61755,NA,"Adam Randall","Helen Hunt","15"
"235",2019,35,"Captain Marvel","Carol Danvers becomes one of the universe's most powerful heroes when Earth is caught in the middle of a galactic war between two alien races.",123,"Action",6.8,64,590600,426.8,"Anna Boden","Brie Larson","12A"
"236",2019,36,"Bombshell","A group of women take on Fox News head Roger Ailes and the toxic atmosphere he presided over at the network.",109,"Biography",6.8,64,122679,NA,"Jay Roach","Charlize Theron","15"
"237",2019,37,"Portrait of a Lady on Fire","On an isolated island in Brittany at the end of the eighteenth century, a female painter is obliged to paint a wedding portrait of a young woman.",122,"Drama",8.1,95,102405,3.76,"Céline Sciamma","Noémie Merlant","15"
"238",2019,38,"The Platform","A vertical prison with one cell per level. Two people per cell. Only one food platform and two minutes per day to feed. An endless nightmare trapped in The Hole.",94,"Horror",7,73,254788,NA,"Galder Gaztelu-Urrutia","Ivan Massagué","18"
"239",2019,39,"Fast & Furious: Hobbs & Shaw","Lawman Luke Hobbs and outcast Deckard Shaw form an unlikely alliance when a cyber-genetically enhanced villain threatens the future of humanity.",137,"Action",6.5,60,227996,173.9,"David Leitch","Dwayne Johnson","12A"
"240",2019,40,"6 Underground","Six individuals from all around the globe, each the very best at what they do, have been chosen not only for their skill, but for a unique desire to delete their pasts to change the future.",128,"Action",6.1,41,189891,NA,"Michael Bay","Ryan Reynolds","15"
"241",2019,41,"The Gangster, the Cop, the Devil","A crime boss teams up with a cop to track down a serial killer.",109,"Action",6.9,65,19432,0.22,"Won-Tae Lee","Ma Dong-seok","NA"
"242",2019,42,"Ad Astra","Astronaut Roy McBride undertakes a mission across an unforgiving solar system to uncover the truth about his missing father and his doomed expedition that now, 30 years later, threatens the universe.",123,"Adventure",6.5,80,252299,50.19,"James Gray","Brad Pitt","15"
"243",2019,43,"The Curse of La Llorona","Ignoring the eerie warning of a troubled mother suspected of child endangerment, a social worker and her own small kids are soon drawn into a frightening supernatural realm.",93,"Horror",5.2,41,54882,54.73,"Michael Chaves","Linda Cardellini","12A"
"244",2019,44,"Judy","Legendary performer Judy Garland arrives in London in the winter of 1968 to perform a series of sold-out concerts.",118,"Biography",6.8,66,53571,NA,"Rupert Goold","Renée Zellweger","15"
"245",2019,45,"In the Shadow of the Moon","A Philadelphia police officer struggles with a lifelong obsession to track down a mysterious serial killer whose crimes defy explanation.",115,"Action",6.2,48,58269,NA,"Jim Mickle","Boyd Holbrook","12A"
"246",2019,46,"Jumanji: The Next Level","In Jumanji: The Next Level, the gang is back but the game has changed. As they return to rescue one of their own, the players will have to brave parts unknown from arid deserts to snowy mountains, to escape the world's most dangerous game.",123,"Action",6.7,58,270123,316.8,"Jake Kasdan","Dwayne Johnson","15"
"247",2019,47,"El Camino: A Breaking Bad Movie","Fugitive Jesse Pinkman runs from his captors, the law, and his past.",122,"Action",7.3,72,276762,NA,"Vince Gilligan","Aaron Paul","12A"
"248",2019,48,"Escape Room","Six strangers find themselves in a maze of deadly mystery rooms and must use their wits to survive.",99,"Action",6.4,48,135508,57.01,"Adam Robitel","Taylor Russell","15"
"249",2019,49,"Murder Mystery","A New York cop and his wife go on a European vacation to reinvigorate the spark in their marriage, but end up getting framed and on the run for the death of an elderly billionaire.",97,"Action",6,38,160456,NA,"Kyle Newacheck","Adam Sandler","15"
"250",2019,50,"Hellboy","Caught between the worlds of the supernatural and human, Hellboy battles an ancient sorceress bent on revenge.",120,"Action",5.2,31,95282,21.9,"Neil Marshall","David Harbour","12"
"251",2019,51,"Brightburn","What if a child from another world crash-landed on Earth, but instead of becoming a hero to mankind, he proved to be something far more sinister?",90,"Drama",6.1,44,104291,17.3,"David Yarovesky","Elizabeth Banks","15"
"252",2019,52,"Spider-Man: Far from Home","Following the events of Avengers: Endgame (2019), Spider-Man must step up to take on new threats in a world that has changed forever.",129,"Action",7.4,69,531273,390.5,"Jon Watts","Tom Holland","18"
"253",2019,53,"Marriage Story","Noah Baumbach's incisive and compassionate look at a marriage breaking up and a family staying together.",137,"Drama",7.9,94,332052,2,"Noah Baumbach","Adam Driver","12A"
"254",2019,54,"Toy Story 4","When a new toy called ""Forky"" joins Woody and the gang, a road trip alongside old and new friends reveals how big the world can be for a toy.",100,"Animation",7.7,84,268691,434,"Josh Cooley","Tom Hanks","15"
"255",2019,55,"Fisherman's Friends","Ten fisherman from Cornwall are signed by Universal Records and achieve a top ten hit with their debut album, ""Sea Shanties.""",112,"Comedy",7,45,10681,NA,"Chris Foggin","James Purefoy","U"
"256",2019,56,"Angel Has Fallen","Mike Banning is framed for the attempted assassination of the President and must evade his own agency and the FBI as he tries to uncover the real threat.",121,"Action",6.4,45,105829,69.03,"Ric Roman Waugh","Gerard Butler","12A"
"257",2019,57,"X-Men: Dark Phoenix","Jean Grey begins to develop incredible powers that corrupt and turn her into a Dark Phoenix, causing the X-Men to decide if her life is worth more than all of humanity.",113,"Action",5.7,43,198059,65.85,"Simon Kinberg","James McAvoy","15"
"258",2019,58,"Polar","A retiring assassin suddenly finds himself on the receiving end of a hit, contracted by none other than his own employer seeking to cash in on the pensions of aging employees.",118,"Action",6.3,19,95817,NA,"Jonas Åkerlund","Mads Mikkelsen","12A"
"259",2019,59,"The Peanut Butter Falcon","Zak runs away from his care home to make his dream of becoming a wrestler come true.",97,"Adventure",7.6,70,97636,13.12,"Tyler Nilson","Zack Gottsagen","18"
"260",2019,60,"Booksmart","On the eve of their high-school graduation, two academic superstars and best friends realize they should have worked less and played more. Determined not to fall short of their peers, the girls try to cram four years of fun into one night.",102,"Comedy",7.1,84,126811,22.68,"Olivia Wilde","Kaitlyn Dever","12A"
"261",2019,61,"Yesterday","A struggling musician realizes he's the only person on Earth who can remember The Beatles after waking up in an alternate reality where they never existed.",116,"Comedy",6.8,55,161350,73.29,"Danny Boyle","Himesh Patel","15"
"262",2019,62,"Cats","A tribe of cats called the Jellicles must decide yearly which one will ascend to the Heaviside Layer and come back to a new Jellicle life.",110,"Comedy",2.8,32,54298,NA,"Tom Hooper","James Corden","12A"
"263",2019,63,"Good Boys","Three 6th grade boys ditch school and embark on an epic journey while carrying accidentally stolen drugs, being hunted by teenage girls, and trying to make their way home in time for a long-awaited party.",90,"Adventure",6.7,NA,78646,83.14,"Gene Stupnitsky","Jacob Tremblay","U"
"264",2019,64,"Glass","Security guard David Dunn uses his supernatural abilities to track Kevin Wendell Crumb, a disturbed man who has twenty-four personalities.",129,"Drama",6.6,43,258153,111,"M. Night Shyamalan","James McAvoy","15"
"265",2019,65,"Annabelle Comes Home","While babysitting the daughter of Ed and Lorraine Warren, a teenager and her friend unknowingly awaken an evil spirit trapped in a doll.",106,"Horror",5.9,53,82719,74.15,"Gary Dauberman","Vera Farmiga","15"
"266",2019,66,"A Rainy Day in New York","A young couple arrives in New York for a weekend where they are met with bad weather and a series of adventures.",92,"Comedy",6.5,38,48347,NA,"Woody Allen","Timothée Chalamet","15"
"267",2019,67,"Hustlers","Inspired by the viral New York Magazine article, Hustlers follows a crew of savvy former strip club employees who band together to turn the tables on their Wall Street clients.",110,"Comedy",6.3,79,105042,104.9,"Lorene Scafaria","Constance Wu","12"
"268",2019,68,"Godzilla: King of the Monsters","The crypto-zoological agency Monarch faces off against a battery of god-sized monsters, including the mighty Godzilla, who collides with Mothra, Rodan, and his ultimate nemesis, the three-headed King Ghidorah.",132,"Action",6,48,194555,110.5,"Michael Dougherty","Kyle Chandler","15"
"269",2019,69,"Triple Frontier","Loyalties are tested when five friends and former special forces operatives reunite to take down a South American drug lord, unleashing a chain of unintended consequences.",125,"Action",6.5,61,139385,NA,"J.C. Chandor","Ben Affleck","12A"
"270",2019,70,"Dora and the Lost City of Gold","Teenage explorer Dora leads her friends on an adventure to save her parents and solve the mystery behind a lost city of gold.",102,"Action",6.1,63,33188,60.48,"James Bobin","Isabela Merced","15"
"271",2019,71,"Vernost","Midwife Lena, a loving wife, is driven towards a string of infidelities after her husband continues to neglect her.",82,"Drama",5.7,NA,2635,NA,"Nigina Sayfullaeva","Evgeniya Gromova","PG"
"272",2019,72,"Fractured","A couple stops at a gas station, where their 6 y.o. daughter's arm is fractured. They hurry to a hospital. Something strange is going on there. The wife and daughter go missing.",99,"Drama",6.4,36,86500,NA,"Brad Anderson","Sam Worthington","15"
"273",2019,73,"The Beach Bum","A rebellious stoner named Moondog lives life by his own rules.",95,"Comedy",5.5,55,24086,3.49,"Harmony Korine","Matthew McConaughey","18"
"274",2019,74,"Five Feet Apart","A pair of teenagers with cystic fibrosis meet in a hospital and fall in love, though their disease means they must avoid close physical contact.",116,"Drama",7.2,53,77499,45.73,"Justin Baldoni","Haley Lu Richardson","12A"
"275",2019,75,"Dark Waters","A corporate defense attorney takes on an environmental lawsuit against a chemical company that exposes a lengthy history of pollution.",126,"Biography",7.6,73,95795,NA,"Todd Haynes","Mark Ruffalo","12A"
"276",2019,76,"Scary Stories to Tell in the Dark","On Halloween 1968, Stella and her two friends meet a mysterious drifter, Ramón, and uncover a sinister notebook of stories.",108,"Adventure",6.2,61,81868,68.95,"André Øvredal","Zoe Margaret Colletti","15"
"277",2019,77,"Frozen 2","Anna, Elsa, Kristoff, Olaf and Sven leave Arendelle to travel to an ancient, autumn-bound forest of an enchanted land. They set out to find the origin of Elsa's powers in order to save their kingdom.",103,"Animation",6.8,64,185663,477.3,"Chris Buck","Kristen Bell","U"
"278",2019,78,"Sound of Metal","A heavy metal drummer's life is turned upside down when he begins to lose his hearing and he must confront a future filled with silence.",120,"Drama",7.7,82,141666,NA,"Darius Marder","Riz Ahmed","15"
"279",2019,79,"Zombieland: Double Tap","Columbus, Tallahassee, Wichita, and Little Rock move to the American heartland as they face off against evolved zombies, fellow survivors, and the growing pains of the snarky makeshift family.",99,"Action",6.7,55,192810,73.12,"Ruben Fleischer","Woody Harrelson","15"
"280",2019,80,"Midway","The story of the Battle of Midway, told by the leaders and the sailors who fought it.",138,"Action",6.7,47,91406,56.85,"Roland Emmerich","Ed Skrein","12A"
"281",2019,81,"Burn","When a gas station is held up at gunpoint by a desperate man in need of cash, a lonely and unstable gas station attendant, tired of being overshadowed by her more outgoing co-worker, finds an opportunity to make a connection with the robber.",88,"Comedy",5.7,50,6214,NA,"Mike Gan","Tilda Cobham-Hervey","18"
"282",2019,82,"The Dead Don't Die","The peaceful town of Centerville finds itself battling a zombie horde as the dead start rising from their graves.",104,"Comedy",5.5,53,83038,6.56,"Jim Jarmusch","Bill Murray","15"
"283",2019,83,"In the Tall Grass","After hearing a young boy's cry for help, a sister and brother venture into a vast field of tall grass in Oklahoma but soon discover there may be no way out...and that something evil lurks within.",101,"Horror",5.5,46,61673,NA,"Vincenzo Natali","Laysla De Oliveira","15"
"284",2019,84,"The LEGO Movie 2","It's been five years since everything was awesome and the citizens are facing a huge new threat: Lego Duplo invaders from outer space, wrecking everything faster than they can rebuild.",107,"Animation",6.6,65,73659,105.8,"Mike Mitchell","Chris Pratt","U"
"285",2019,85,"The Lodge","A soon-to-be stepmom is snowed in with her fiancé's two children at a remote holiday village. Just as relations begin to thaw between the trio, some strange and frightening events take place.",108,"Drama",6,64,53350,NA,"Severin Fiala","Riley Keough","15"
"286",2019,86,"The Room","Matt and Kate buy an isolated house. While moving, they discover a strange room that grants them an unlimited number of material wishes. But since Kate has had two miscarriages, what they long for the most is a child.",100,"Drama",6,NA,22681,NA,"Christian Volckman","Olga Kurylenko","NA"
"287",2019,87,"Maleficent: Mistress of Evil","Maleficent and her goddaughter Aurora begin to question the complex family ties that bind them as they are pulled in different directions by impending nuptials, unexpected allies, and dark new forces at play.",119,"Adventure",6.6,43,113960,113.9,"Joachim Rønning","Angelina Jolie","PG"
"288",2019,88,"Motherless Brooklyn","In 1950s New York, a lonely private detective afflicted with Tourette's Syndrome ventures to solve the murder of his mentor and only friend.",144,"Crime",6.8,60,61070,NA,"Edward Norton","Edward Norton","15"
"289",2019,89,"Pokémon: Detective Pikachu","In a world where people collect Pokémon to do battle, a boy comes across an intelligent talking Pikachu who seeks to be a detective.",104,"Action",6.5,53,176814,144.1,"Rob Letterman","Ryan Reynolds","PG"
"290",2019,90,"Guns Akimbo","A guy relies on his newly-acquired gladiator skills to save his ex-girlfriend from kidnappers.",98,"Action",6.3,42,66607,NA,"Jason Howden","Daniel Radcliffe","18"
"291",2019,91,"The Highwaymen","The untold true story of the legendary detectives who brought down Bonnie and Clyde.",132,"Biography",6.9,58,98201,NA,"John Lee Hancock","Kevin Costner","15"
"292",2019,92,"Downton Abbey","The continuing story of the Crawley family, wealthy owners of a large estate in the English countryside in the early twentieth century.",122,"Drama",7.4,64,60632,96.85,"Michael Engler","Stephen Campbell Moore","PG"
"293",2019,93,"Fighting with My Family","A former wrestler and his family make a living performing at small venues around the country while his kids dream of joining World Wrestling Entertainment.",108,"Biography",7.1,68,85541,22.96,"Stephen Merchant","Dwayne Johnson","12A"
"294",2019,94,"Dreamland","A teenager's adventures as a bounty hunter take an unexpected twist.",98,"Drama",5.9,57,7952,NA,"Miles Joris-Peyrafitte","Finn Cole","15"
"295",2019,95,"Cold Pursuit","A grieving snowplow driver seeks out revenge against the drug dealers who killed his son.",119,"Action",6.2,57,73538,32.14,"Hans Petter Moland","Liam Neeson","15"
"296",2019,96,"The Dirt","Based on the bestselling autobiography from Mötley Crüe, the film is an unflinching tale of success and excess as four misfits rise from the streets of Hollywood to the heights of international fame.",107,"Biography",7,39,53390,NA,"Jeff Tremaine","Douglas Booth","18"
"297",2019,97,"The Blackout","Life on Earth is rapidly destroyed except for a small area in Eastern Europe.",127,"Action",6.1,NA,10115,NA,"Egor Baranov","Aleksey Chadov","15"
"298",2019,98,"Charlie's Angels","When a young systems engineer blows the whistle on a dangerous technology, Charlie's Angels are called into action, putting their lives on the line to protect us all.",118,"Action",5,52,77621,17.8,"Elizabeth Banks","Kristen Stewart","12A"
"299",2019,99,"Zombie Tidal Wave","A fisherman contends with an ocean-borne outbreak that threatens his seaside island community.",86,"Action",3.7,NA,1342,NA,"Anthony C. Ferrante","Ian Ziering","15"
"300",2019,100,"Rambo: Last Blood","Rambo must confront his past and unearth his ruthless combat skills to exact revenge in a final mission.",89,"Action",6.1,26,105669,44.82,"Adrian Grunberg","Sylvester Stallone","18"
